id_prestamo,id_usuario,id_libro,fecha_prestamo,dias_prestamo,estado_prestamo
P001,U020,L036,2026-02-24,20,  Devuelto  
P002,U022,L046,2026-06-07,14,
P003,U028,L010,2026-09-18,10,PRESTADO
P004,U004,L010,2026-08-17,12,Devuelto
P005,U018,L046,2026-03-22,8,  PRESTADO 
P006,U052,L006,2026-03-16,4,Devuelto
P007,U007,L013,2026-03-31,,PRESTADO
P008,U025,L052,2026-03-18,5,Prestado
P009,U004,L050,2026-06-29,12,Devuelto
P010,U046,L003,2026-04-15,17,devuelto
P011,U016,L001,2026-03-08,2,  Prestado  
P012,U017,L054,2026-03-20,14,Devuelto
P013,U042,L041,2026-06-02,7,  Devuelto  
P014,U052,,2026-02-25,13,DEVUELTO
P015,U016,L045,2026-09-12,6,prestado
P016,U036,L047,2026-05-15,6,  Devuelto  
P017,U041,L004,2026-08-04,20,  Devuelto  
P018,U043,L013,2026-06-25,11,  Devuelto  
P019,U007,L008,2026-07-14,21,DEVUELTO
P020,U032,,2026-02-25,15,  DEVUELTO 
P021,U040,L042,2026-06-15,17,Devuelto
P022,U004,L033,2026-05-16,30,  Retrasado  
P023,U037,,2026-02-11,,devuelto
P024,U011,L008,2026-05-20,6,Devuelto
P025,U003,L004,2026-03-04,8,Devuelto
P026,U005,L055,2026-04-25,5,Devuelto
P027,U016,L041,2026-02-07,15,devuelto
P028,U038,L024,2026-07-04,20,Devuelto
P029,U017,L034,2026-09-17,1,  Prestado  
P030,U009,L033,2026-06-12,29,Retrasado
P031,U012,L020,2026-09-22,8,Devuelto
P032,U026,L016,2026-07-24,15,  Devuelto  
P033,U032,L044,2026-03-29,21,Retrasado
P034,U041,L004,2026-08-29,2,Devuelto
P035,U026,,2026-06-03,5,Devuelto
P036,U004,L026,2026-03-20,8,devuelto
P037,U021,L026,2026-02-23,38,Retrasado
P038,U031,L039,2026-05-02,13,Devuelto
P039,U003,L002,2026-02-12,14,Prestado
P040,U020,L050,2026-05-20,,  PRESTADO 
P041,U026,L032,2026-04-12,15,devuelto
P042,U050,L013,2026-07-28,10,PRESTADO
P043,U026,L043,2026-08-20,2,Prestado
P044,U052,L035,2026-05-04,26,Retrasado
P045,U004,L026,2026-03-16,13,devuelto
P046,U022,L050,2026-04-17,16,Retrasado
P047,U030,L041,2026-08-16,10,Devuelto
P048,U012,L038,2026-03-20,,Prestado
P049,U038,L048,2026-04-29,5,Prestado
P050,U005,,2026-03-06,12,  Devuelto  
P051,U042,L013,2026-05-21,29,RETRASADO
P052,U031,L030,2026-07-05,4,Prestado
P053,U024,L051,2026-04-09,2,Devuelto
P054,U003,L036,2026-05-03,3,Devuelto
P055,U024,L004,2026-04-21,,devuelto
P056,U050,L022,2026-07-08,3,  DEVUELTO 
P057,U019,L053,2026-08-20,17,Devuelto
P058,U043,L052,2026-09-09,13,  Devuelto  
P059,,L054,2026-05-14,16,Devuelto
P060,U019,L001,2026-09-18,7,Prestado
P061,U005,L001,2026-06-22,6,  DEVUELTO 
P062,U051,L041,2026-03-06,2,Prestado
P063,U054,L050,2026-08-04,,  Devuelto  
P064,U009,L004,2026-06-20,13,prestado
P065,U006,L036,2026-02-14,3,Devuelto
P066,U009,L042,2026-08-23,,Devuelto
P067,U038,L033,2026-05-28,12,Devuelto
P068,U030,L007,2026-02-15,8,Devuelto
P069,U034,L015,2026-06-06,9,Prestado
P070,U053,L010,2026-09-09,15,  DEVUELTO 
P071,U027,L049,2026-05-02,13,devuelto
P072,U008,L049,2026-06-19,21,Devuelto
P073,U032,,2026-09-08,17,  Retrasado  
P074,U002,L048,2026-03-06,35,Retrasado
P075,U034,L049,2026-05-01,1,Prestado
P076,U002,L020,2026-02-17,,DEVUELTO
P077,U016,L026,2026-02-27,5,  Prestado  
P078,U003,L004,2026-08-02,39,Retrasado
P079,U053,L040,2026-08-04,2,
P080,U023,L008,2026-09-19,3,Prestado
P081,U012,L041,2026-02-16,39,
P082,U019,L001,2026-03-13,38,Retrasado
P083,U017,L054,2026-09-23,1,Prestado
P084,U047,L038,2026-05-04,11,PRESTADO
P085,U009,L041,2026-04-18,15,Devuelto
P086,U042,L002,2026-04-25,17,
P087,U011,L008,2026-05-07,11,  DEVUELTO 
P088,,L005,2026-04-12,20,  DEVUELTO 
P089,U037,L001,2026-03-22,3,Devuelto
P090,U015,L037,2026-08-05,,Devuelto
P091,U019,L021,2026-04-17,13,Devuelto
P092,U003,L046,2026-03-27,5,
P093,U048,L002,2026-04-27,15,Devuelto
P094,U025,L006,2026-03-23,6,prestado
P095,U041,L001,2026-04-29,17,  DEVUELTO 
P096,U024,L054,2026-03-28,7,DEVUELTO
P097,U048,L008,2026-02-21,17,  Devuelto  
P098,U026,L036,2026-08-18,6,Devuelto
P099,U016,L004,2026-09-14,6,DEVUELTO
P100,U015,L004,2026-09-09,8,  Prestado  
P101,U043,L047,2026-04-14,9,Devuelto
P102,U035,L054,2026-04-24,34,
P103,U029,L028,2026-06-22,10,  DEVUELTO 
P104,U014,L041,2026-03-20,40,Retrasado
P105,U008,L055,2026-02-21,13,Prestado
P106,U021,L049,2026-08-10,12,  Prestado  
P107,U005,L030,2026-05-04,18,DEVUELTO
P108,U031,,2026-02-21,23,  Retrasado  
P109,U040,L050,2026-04-26,,Devuelto
P110,U001,L026,2026-06-25,2,Devuelto
P111,U004,L013,2026-09-19,17,Devuelto
P112,U038,L004,2026-04-06,13,  Devuelto  
P113,U042,,2026-02-23,20,retrasado
P114,U002,L026,2026-07-26,,Devuelto
P115,U052,L026,2026-06-04,12,  DEVUELTO 
P116,U018,L043,2026-08-27,7,DEVUELTO
P117,U031,L041,2026-05-08,14,PRESTADO
P118,U002,L013,2026-02-25,25,Retrasado
P119,U034,L016,2026-07-24,5,prestado
P120,U004,L021,2026-06-22,8,Devuelto
P121,U036,L004,2026-02-17,10,Devuelto
P122,U040,L018,2026-04-12,7,Devuelto
P123,U008,L027,2026-02-10,33,RETRASADO
P124,U048,L026,2026-06-09,7,devuelto
P125,U031,L038,2026-07-28,31,  RETRASADO 
P126,U023,L013,2026-05-06,1,Prestado
P127,U031,L047,2026-04-01,17,DEVUELTO
P128,U045,L048,2026-02-14,21,Devuelto
P129,U008,L038,2026-06-22,,Retrasado
P130,U008,L049,2026-09-14,20,Retrasado
